Reade Swedeland,44474991D,1997
Anjela Pearse,94932356Y,1988
Hetty Allsup,35520407E,2000
Xever Mallya,71000032E,2007
Hammad Collumbine,74664057O,1992
Prisca Fonso,01783681O,2009
Lorna Stein,47780773D,2004
Anastassia Hildred,48184421U,2010
Willa Camellini,66537179C,1997
Shane Jeandin,22996538K,2003
Ulrica Itchingham,74820367J,2003
Tristam Lahy,69742531C,2003
Raynell Gleed,46393227H,2010
Timmy Dibbert,72166059Y,1989
Perren Fallens,64572749W,1987
Latisha Calbrathe,23816583Y,2009
Millisent Robke,68400471W,2003
Horst Stempe,25613078A,2009
Lindy Windebank,92951623C,2011
Godfrey Andrieu,09592659E,2005
Fulvia Pickvance,26356990X,1994
Merline Goatman,75847687L,1998
Webster McBeath,13910680L,1998
Reilly Guiton,29499598O,1998
Bobine Origin,64369183U,1998
Tamarah Antonoyev,78819807Q,1988
Helyn Viggers,82632997A,2005
Avrom Kelso,29135089D,2005
Yolande Espino,11258557Z,2008
Arman Hadlee,26172767K,1995
Guy Munkley,67960493Y,1987
Ariadne Diggles,23873504N,2009
Dulcia Tull,44539280Q,1999
Bernelle Marrow,20989165J,1997
Ches Gindghill,71684573S,1993
Mahala Pothbury,89385196S,1996
Coral Shere,06059690F,2003
Raimondo Corbitt,81603014E,2002
Haydon Weedall,44291016Y,1996
Glenn Hills,99759699D,1995
Isabelle Oldfield-Cherry,35771362W,1997
Aundrea McBay,62047164C,1986
Levin Welch,27362547Z,1991
Gladys Karlolczak,58269448P,1998
Felice Hawkeswood,18380704I,2012
Laurianne Tirte,34121298R,2006
Miles Hubbucke,42859357K,1993
Sile Ragot,13499272M,2008
Marius Pevreal,46320771V,2007
Mela Yggo,54069228S,2009
Mada Watchorn,72888730A,2008
Sheffie Bennet,62089017V,2002
Nikolos Stinchcombe,30593866C,1990
Winonah Reims,66643189L,2011
Ruby Peter,59497458T,1967
Wilbur Heifer,33103009B,2010
Devonne Ruperto,49263243W,1993
Deerdre Bryers,89356169S,2006
Donni Cawdron,65030068H,2007
Tucky Corday,73307357N,1970
Hattie Webermann,36443845K,1993
Tim Meenehan,54768770W,1993
Corene Pattington,94128757R,2009
Calli Trawin,05011679N,2001
Alina Clymer,44671041O,1992
Torey Bowfin,86826668L,2007
Linoel Dearing,38902382O,1994
Bernetta Feilden,11018429J,2012
Grazia Bock,86233885M,1989
Ruthann McGourty,63690272L,1993
Cesare Hamsson,55375179W,1990
Nanette Juleff,11840390H,1993
Gustie Doreward,29660129W,2008
Whitman Kane,61478620M,2005
Shane Firpi,96947376D,1987
Elli Santon,35343638K,1992
Nikkie Diben,92669456A,2002
Reynard Churchley,02694440W,2004
Mirna Buckham,86658759Q,2011
Lusa Tilley,48049642Z,2004
Beryle Beniesh,19669079O,1999
Pansie Worlidge,86279292P,2005
Dorelle McKew,94053012X,2008
Abby Skpsey,23734639E,2008
Pet Ogilvie,66999442M,2005
Leeland McGilvray,75454415Y,2004
Urbain Risdall,16889298Y,1998
Tirrell Carpmile,16367496A,2011
Modestia Valentinuzzi,92370652K,2006
Wenona Matteau,73178735L,2011
Jefferey Bamford,84713887V,1996
Johnny Ewdale,03944328A,2006
Hyacinth Shankle,45956255H,2005
Dorita Abramow,95358731H,1990
Jdavie Summerskill,01994223V,2005
Carlyle Yarnley,69088134Y,2003
Perkin Lanon,28323125T,2009
Marthena Banner,63318803R,2009
Vern Sobczak,79823613F,2011
Merrielle Clurow,30597374C,1996
Myrtia Haffner,53476434P,2002
Deeanne Hubbucks,25604771E,1988
Claire Sherwood,83039123P,2012
Antonietta Orteau,84908720L,2012
Fairfax Oldroyde,73145730K,2004
Maris Longbothom,18473676U,2008
Fannie Purviss,62795624J,1993
Gerianna Tomashov,48944733B,1996
Kristian Yedall,37848919L,1992
Kinna Slowan,65991492H,1987
Loutitia Crosier,54768817C,1985
Will Garrood,20690111A,1965
Venus Bernath,06177236S,2001
Siouxie Francesco,75796584M,1993
Sanford Lydon,62091701F,1985
Heath St. John,92666218R,1990
Sargent Eslemont,64587544X,1994
Vittoria Saltman,04761822Q,2001
Ninon Luquet,08370536K,2012
Conroy Aldham,36141559W,1996
Keenan Frost,09918884V,2000
Lucky Baglan,34969610B,2007
Raffarty Wooder,20776831X,2005
Myca Fere,97080759E,2005
Elias Lomasna,20369266U,1992
Olympia Rioch,28873211F,2000
Rachael Gallyhaock,87564877V,1996
Adelice Doherty,72635348S,1998
Wilek Rozycki,27941724Y,2011
Carolan Larciere,13776303L,2003
Rubina Ducarel,16823711T,2000
Keefer Pengelly,87691068Y,2012
Dani Worland,86914081K,2008
Papagena Walshe,81001025T,2007
Carol-jean Casajuana,28120480N,1996
Gwenni Knewstubb,27320016P,1992
Minnie Challen,13886101A,2000
Damien Bonas,82004579E,1992
Vivyanne MacElroy,87928322C,1994
Georgiana Saunderson,92497409M,1998
Heidie Feacham,83688271J,1999
Courtnay Fintoph,53476368P,2010
Shelley Fillary,72894397L,2001
Rosana Hirjak,36803045J,2011
Crichton Chevers,22410476A,1997
Lilias Rawood,47426453C,2010
Britni Cansdale,14706512K,2007
Andie Dinesen,96776178K,2012
Nonna Herety,11841564F,2007
Patrizius Brandenberg,00610878P,1984
Jessie Maykin,93546705B,1999
Melosa Smaling,91249533G,1985
Teodoor Edmenson,02865246V,2012
Carine Hurlin,75153837M,1997
Barnaby Erricker,54190923O,2001
Sosanna Hazeldean,06990729C,2007
Alick Pleager,48185344N,1996
Sibelle Menilove,09503483V,1996
Rafe Slayny,36240505W,2006
Zolly Skoof,37979902Y,2010
Brigitte Dimnage,01202052T,1994
Derrik Stabbins,86448110J,1993
Demott Volks,66303682I,2004
Buiron Karpenko,41407914L,1996
Mar Uff,68983307I,1985
Avram Maddie,76972017K,1992
Fancie Belvard,87766085T,2007
Pippy Tunkin,45958079W,2001
Lynde Duffet,21219322N,1998
Bourke Granger,07263426W,1996
Ann-marie Bartolomeu,69016052U,1995
Red Sambidge,30922123Z,2008
Agnola Aidler,81752127X,2007
Feodor Burdekin,46721989K,1970
Zaneta Demonge,00102423Y,2006
Arlen Swatridge,95703571F,2003
Sharity Bendall,19953261I,2000
Waneta Rootes,03478341Y,1990
Lutero Cast,63671396T,2011
Kate Simunek,35300656D,2011
Brigitta Paddick,23697449I,2009
Deloria Challis,26857313H,2007
Dniren Banbury,94582004A,2010
Judy Lavers,71617371G,2011
Kacey Zellner,85647047Z,1998
Syd Whitefoot,41051063Z,2010
Maddi Conan,90010741J,2012
Zackariah Stovold,36696217Z,2000
Priscella Johnsey,40189278W,1995
Illa Acum,57050501B,1988
Muire O' Molan,76572629B,2006
Lindy Joly,22092664Y,1973
Emeline Tappin,15517772M,1966
Hubie Stanbra,08475619X,1985
Aleta Ciccotti,75831451P,1997
Dolph Friman,13996209Z,2005
Derry Giffard,91549295Y,2010
Lincoln Mandrake,70041462Q,2013
Marshall Bowe,24371123Q,2008
Skippie Bushell,21463881Z,1991
Nan Carillo,66427306R,2001
Adrea Boneham,91939656Z,2000
Benjy Dinneen,76723910T,2010
Venita Skillicorn,70303971E,2002
Vita O'Henehan,57788449P,2007
Colas Maps,91582821C,2000
Terrie Bruckman,29538868U,2001
Olga Proschek,65641765D,1985
Alanah Stanlack,59700376H,2004
Carleen Geraudel,71553078G,2005
Celia Dessaur,03263328G,1993
Clio Kinsey,45412140V,1999
Delia Swan,89085028X,2012
Noni Fierro,97357832B,2009
Mic Stather,59670569O,1996
Cordie Peagrim,97836762S,2007
Samara Kem,92027744G,1993
Annalise Deville,93824463N,1987
Alister Kennham,32576889W,2006
Randolph Boscher,63569274W,1989
Myrwyn Gorger,75657922S,2009
Base Hansbury,18494628W,1997
Gram Churches,54594544Q,2012
Franky Clausewitz,39491506K,2008
Fernando Petrenko,46243128U,1994
Martita Dupoy,86993473C,1997
Andreas Feeney,35237025H,2006
Bastien Rosie,58570444U,1994
Matthew Goodrick,72215118H,2011
Cathi Teenan,25430606S,2006
Leonidas Yorston,20510106N,2002
Kellen Cornthwaite,79851481C,1992
Rowney Slack,28143012F,2008
Carlo Hatwells,65917520K,2006
Celine Bracknell,68424456L,2011
Minny Dalgarnowch,01345516U,2004
Farley MacGoun,50251024E,1985
Noellyn Pordall,88392226V,1999
Trefor Shinfield,85376361F,2010
Chaunce Nind,43424410A,1991
Prescott Sigg,59495918V,2007
Zonnya Gervaise,52572126S,2012
Jeri Bidmead,71491730S,1999
Marjory Mantha,36436824G,2004
Sasha Lelande,95545688A,2001
Hiram Garrelts,70463799S,1999
Elbertine Moverley,07734120I,2009
Karna Devenish,19619093Y,2012
Helga Morling,49005626G,1988
Cherry Waistell,89496867B,1997
Tremain Wrinch,73650740C,2008
Genna Sooper,17184228V,1997
Clarie Rettie,13420309M,2008
Dacey Leppingwell,90416134K,1984
Dennet McGebenay,32746734O,2002
Kirbie Houselee,50389772L,1991
Lorene McQuorkel,03127097H,2005
Dennet De Dantesie,17765759L,2006
Osbert Flight,48585126J,1999
Jacinda Rossbrooke,94791877H,2010
Etti Baitey,36511142L,2007
Darbee Whitley,58697187F,1999
Gertrude Grutchfield,35784130M,2012
Townie Crottagh,10649181M,2012
Karlan Bellis,06209133C,2003
Linet Buxton,19674218E,1996
Conni Geharke,39085506Y,2009
Shayna Knutsen,52135119X,2010
Keary Littlechild,77722327T,2004
Jami Arondel,97016619A,2001
Harold Pes,83705180Y,1992
Batsheva Gaythorpe,02822332Z,1996
Jilleen Pulsford,25652321U,2005
Moreen Steljes,30640393I,2007
Matthus Geal,35541593B,2012
Tildie Killock,54822641K,2006
Sloan Mc Giffin,74494381O,2005
Curr Hazael,54910300M,2009
Javier Spridgen,40086498E,1992
Antons Ketteringham,26805723P,1991
Paulie Jenkyn,03926356V,1988
Agace Oulett,79666109S,2005
Jdavie Loftin,11394962N,2004
Charmane Challens,24382948R,2006
Ahmad Brabant,80651773B,2008
Terrel Joinson,24456757Y,1999
Ephrayim Wince,70018967Z,1999
Stu Dolligon,21453161K,1996
Vonny Reims,63877313H,1992
Tiffanie Byles,68105175T,2003
Peggi Kasperski,62765576P,1995
Lynn Fortnon,98814972U,2010
Guenna Cavill,88690276D,1985
Tamara Yankin,71276233S,2008
Bellanca Want,14333059Q,2006
Heidie Scandroot,15796035P,1988
Jordon Bottoner,60451858S,2001
Klemens Gajownik,53876540P,2003
Gunther Luff,11238537F,2009
Tami Douty,34323826T,2001
Hansiain Madge,24678689G,1996
Noella Paschek,14366040J,2006
Justine Kenwright,15761501B,2007
Cris Horstead,92450930F,1993
Clem Lowdiane,48561207D,1996
Georas Boon,85053010M,2008
Rosemarie Parramore,28378566J,2009
Iosep Sneesby,77080631D,1994
Rasla Bartosinski,93236366L,1984
Giorgio de Aguirre,70016525U,2008
Irvine Espinel,57340186D,2007
Charline Rosenzveig,85745544D,1996
Cheslie Bawcock,35203770H,2010
Frankie Stepney,41373675V,2003
Knox Spearing,31717459B,2011
Morten Boxall,54629814Y,1993
Kelly Foulser,37884926Z,2000
Shae Eastwood,66998944Z,1999
Zonnya Trusslove,41229507T,2005
Ario Roake,23094415U,2002
Wylma Lepper,51961421F,1995
Garey Chettoe,96130172Z,2012
Bard Ewells,06024063I,2005
Vale McTerrelly,19841473I,2004
Margi Heers,35943828Y,2011
Eva Rapin,60762042G,2002
Agnes Batman,29652590W,2003
Bobbie Broun,96062897T,1999
Nataline Giraudel,67725192V,2010
Zollie Adanet,57144971U,1986
Barbi Laurentin,57763633R,1995
Prent Koppes,84745107I,2006
Tracie Burhouse,84124591B,1993
Garrett Wicklen,14149860M,2006
Goddart Pierpoint,07173774D,2006
Henrietta Bawme,03623946D,1992
Elissa Fothergill,33442864X,2002
Otes Russam,19009632Z,2012
Nicolette Tyndall,12838175M,2012
Ferd Rudland,50182226X,2008
Clare Cramphorn,93368464R,1973
Simone Doey,72165033G,2009
Ellette Deeks,08475518G,1994
Ginnie Schinetti,16596618H,1985
Rossy Kopec,28091503S,1999
Pren Blondelle,20241841N,2008
Vito Laugier,74881029A,2002
Ossie Skingley,86920667W,2010
Cilka Foxon,52037051C,1999
Nanine Beausang,38987570Z,2012
Doll Seally,24830750D,2008
Malva Mortimer,27512635W,2007
Dorian Senecaux,07251397S,1991
Kary Kitto,89279035G,2007
Debbie D'Elias,81319036M,2000
Willy Breakey,13094249M,1997
Esdras Blown,95026144B,1999
Ada Gresly,60550843E,2007
Karia Chilcott,97280698F,2005
Elia Wasiela,13460656N,1993
Jobina Etherton,62380330B,1998
Nari Esom,65105460A,1999
Illa Olman,52356565Y,2007
Ikey Haxbie,74641750S,2010
Godwin Brownbill,21905083L,2001
Ban Bartholin,90251024B,2009
Jessee Cruce,44088154U,1986
Tannie Legerwood,63438359D,2000
Arleen Winyard,53194180U,1992
Rozele Sturgeon,14582815H,1999
Prudi Gabb,96527718E,2005
Gray Pennone,35554171K,1996
Drucie Lawles,33438653S,1991
Flynn Whitlaw,28016967S,1994
Abbe Woolward,08981688I,1999
Bertrand Beardshall,25362639G,2007
Teresita Sedger,40155852Y,1995
Nicol Cheshir,28349915O,2007
Arty Shiers,46768662J,1997
Brina Welbrock,08520920F,2009
Erv Favelle,90832853I,1993
Bernette Einchcombe,07673636H,2012
Dianna Fley,63162951A,1999
Billy Lerven,52064599Z,2008
Prissie Manklow,35147844N,2012
Callida Sirrell,56974411F,2006
Edie Andrysiak,97561424J,1997
Roderich Furze,44054808Z,2012
Vail Mohan,78499794Z,2009
Emilee Champney,24123873E,1992
Gareth Gabrieli,38578126M,1973
Phylys Luttger,61274776V,2001
Aubrie Boards,55531886W,1992
Donny Quartley,81388126A,2001
Phillipp Behning,52961307Y,2008
Whittaker Maginot,85711881V,1996
Kelly Keilty,14561177B,1996
Rycca Hyde-Chambers,89726069J,2012
Cornie Manning,30099506D,2008
Papageno Hain,96095143C,2003
Veradis Mitchard,87620668D,2009
Mohandas Levick,00271062Z,1995
Mortimer Orrocks,20108459U,1993
Tobye Stiebler,34088189F,1990
Otes Keward,01666183B,1982
Joelie Haulkham,47558844E,1987
Murray Aimer,90150909D,2007
Laurie Stuckley,24453222U,1996
Jacinthe Stormes,63884148E,1993
Delphinia Mattia,14036734S,1991
Prescott Covely,78222860V,1990
Simon Colliford,55173182K,1997
Gay Galtone,72147451V,1987
Zacharias Northedge,33768968Y,1997
Barty Kervin,67766624H,1994
Walsh Petr,51100391K,1987
Netty Klemps,72496010H,1992
Emelyne Collet,86909303N,1995
Zora Jakubczyk,86306184G,1996
Jeramey Prinnett,11223004J,2000
Zeke Clingoe,06069274B,2007
Martelle Cawston,15650735X,2008
Ivar Bezley,34861894L,2002
Odetta Daynter,47902421K,2009
Normie Todaro,05611100E,2008
Linnea Sitch,61155724N,1969
Vernen Brewitt,63249976V,1992
Huntley Arlett,87735539K,1985
Fayina Skocroft,92540678X,1962
Amber Swalteridge,91801807D,2009
Mathe Doldon,71960083F,2009
Flory Tomei,63248681T,1996
Toddy McGuire,94503924I,2010
Danny Corroyer,16141530I,1999
Symon Tschiersch,08852273K,2007
Christel Sagrott,09570722V,2004
Bridget Ronnay,57745978I,2007
Adelaide Dutson,23541952A,2009
Crin Caven,64467783P,2008
Ellynn Nash,50046693I,2002
June Duerden,31293092N,1995
Munmro Slorance,44627088J,1994
Aryn Garrett,79680609M,2004
Tessy Mewett,28098556N,1998
Pavla Newlyn,13692668L,2001
Gale Lilleyman,59897234F,1996
Jarib Kirsch,22565828X,1998
Martyn Quadrio,43046532I,1997
Beilul Flowerden,70561079Z,1993
Camala Livett,85451954V,1995
Ora Coxon,59097124Q,2003
Florinda Elson,85159062N,1995
Waneta Kupker,11183689R,1985
Darya Restill,96544638U,1991
Basil Abelovitz,43925058E,1997
Ivette Southouse,01549895C,2000
Tabb Vinten,39276187A,2008
Gianna Harragin,42071224A,2009
Olimpia McCarty,06959390F,2003
Dirk Drever,02241022C,2012
Gordon Farlambe,52260897U,1989
Lanae Kemm,31106208G,1995
Hewe Jakobsson,48101292O,2004
Redford Stubbs,58823881S,1994
Gustavo Jodlkowski,08171805X,1998
Halie Clipston,03103824H,2002
Britt Works,39798741O,2009
Leland MacKaig,35183077R,1993
Guntar Oran,57853397J,1997
Michelina Hardage,33405222P,1987
Wells Reddick,16858312M,1992
Laney Esherwood,19167842O,1996
Laurie Ramsby,38741094S,1988
Faustina Copas,67561740R,2005
Maighdiln Whightman,60397955F,1996
Dermot Gipps,66519590D,2011
Candida Bisterfeld,60042684B,2011
Tamas Hullins,37548657C,1998
Zachary McQuade,90742383Z,2003
Emlyn Orys,38500049Q,2005
Ema Tancock,17010853Y,2002
Donia Aggis,27331695A,1989
Leta Crowcher,61412764U,1991
Marchall Gaiger,19587145G,1994
Donaugh Rawood,92615815U,1993
Lesya Tunder,35245760D,2013
Gustav Brumham,32868099G,2006
Nonah Sweatland,98977495S,2001
Grantley Osgordby,47665490L,1995
Justin Fogel,80497529E,2008
Tedie Hattam,99691034S,1996
Ethyl Rizzi,86254651X,2007
Fredrick Gallehock,63846968D,2008
Burtie Darycott,28381621Y,2010
Sissie Braksper,87610216W,1989
Florinda O'Spellissey,84746864H,1985
Dirk Klyn,23922394S,2007
Romain Garrud,85019001E,2008
Elnore Brusby,96085043J,2001
Fionna Chamney,08478029P,2006
Shalne Boshers,87962966T,2012
Bayard Marsie,35358057N,2007
Heall Castille,08949128B,1992
Kimble Brodeau,85954274E,2009
Christoffer Wooffinden,67359068G,2002
Ronny Pottage,66132716Y,1991
Barbabra Etter,05378012G,2002
Beth Sankey,19175099L,2007
Clive Scallon,48466732W,2011
Phyllida Taw,31436340W,1993
Arv Judkins,62382447Y,1982
Hunfredo Mitchelson,84367470M,2010
Donovan Lund,12583507B,2000
Stephana Tamplin,66513092U,2003
Renata Buckthorpe,12759839N,2009
Sherwood Newcomb,09195927S,1985
Jameson Simcoe,90727759I,2005
Tierney Gettens,98649663X,1988
Tobe Devine,13843822Z,1995
Courtnay Binge,71435147E,1992
Maridel Trustie,93852735Z,2008
Burch Gerardeaux,40941264B,1992
Carmita Hembery,35891473W,2000
Kinny Purviss,11669949Y,2005
Brose Benezeit,76090833L,2013
Dwight Barfford,86834158L,2011
Fidelity Massei,77346805D,1999
Kynthia Finnan,60178831V,2005
Iormina Gladbeck,52749917Y,1996
Bourke Surgenor,17544681E,2002
Tallou Evason,08992886Q,2003
Jenelle Boullen,36094633L,1997
Teddy Slyme,49321004P,2002
Joline Quakley,76020976Y,2010
Garvey Humpherston,37278398I,1997
Auberta Kenford,40059679N,1993
Sile Yexley,90288264H,2003
Rochella Reddihough,76055153Q,2005
Haily Hammerberger,58503785S,1994
Issy Imlen,20800478K,1984
Christiane Mungane,48840054B,1985
Mirelle Spring,24487717R,2003
William Burch,07573554P,2008
Nickolas MacParland,56371233Y,2001
Ramon Caulder,75696941R,1996
Mirabella Didsbury,60171081H,2006
Clarisse Bampton,25682896T,2006
Der Nears,93311113R,2002
Dannye Grayshon,91492027U,1993
Verina Philot,28827937A,1997
Cybill Albery,56652351M,2008
Leoline Lowrie,98963276O,2000
Fidelia Streeter,92978358B,2006
Vita Sango,76721948Y,1987
Vikky Drought,26722380C,1999
Shaughn Martinyuk,13171170E,2002
Seward Brame,05752784Z,1996
Evan Fidgeon,60238099L,1995
Salim Corde,95261794B,2010
Aurthur Caiger,58551862C,2001
Glenden Hedgeman,53785544Z,2000
Teodoor Grishakin,79888441M,2002
Grady Jollands,66809782R,2007
Sutherlan Boichat,90485051Y,2004
Rosanna Chamberlin,65920604Q,1999
Budd Birckmann,68032802Q,2004
Astrix Largan,92802290P,2009
Rudiger Blaik,02718508T,1995
Lyon Instrell,17390176L,1995
Davidde Andrews,97138955Y,2009
Harwilll Kielt,78733957I,2012
Merill Lowe,05346672F,1993
Hatti Ivushkin,03748370H,1998
Stephannie McGown,99593728H,2006
Dannie Loader,22077299G,2005
Keven Meatcher,99656379Z,2012
Carce Coping,61943756J,1989
Corby Ruffell,80504722Y,1995
Saidee Robyns,39431213R,2001
Graig Breissan,11929048X,1989
Sibyl Reede,07585557D,1992
Hanan Nelles,79163336Q,2004
Regan Rigate,20706613W,1988
Abba Easen,08277683A,1997
Antonetta Durn,97774629L,1980
Isadore Berthomieu,36235850M,2012
Austen Baswall,32936749U,1988
Ulla Finnis,52751725F,2009
Vida Kauschke,83772659G,2010
Curcio Macrow,51191942P,2009
Merna Duffet,89524388W,1985
Rab Gribbins,35073352U,1994
Jeniffer Brailey,10341217V,1988
Fidel Petrolli,16386802M,2005
Derron Looks,67843672Q,2005
Woodman Crippill,26727846D,1999
Bryon Rutledge,28458753O,1987
Fancie Mation,84303034V,1992
Ilysa Redhouse,45901029L,1985
Noak Doughtery,84230683G,2009
Leese Blasl,20624820I,2009
Wells Kipling,19670722T,1994
Shelden Redferne,23416365N,2009
Karil Blaise,23338594F,1998
Edgard Sleightholme,58694862X,2005
Sayer Langstone,18101879P,1997
Junia Pallasch,89475189K,1997
Jeniffer Kmietsch,94530474I,2004
Powell Pilger,88762615N,1995
Melessa Scoates,04297176O,1989
Karlyn Orteaux,45787166V,1993
Moishe Kellington,75528508N,2002
Clarine Warden,37810928W,1989
Jakie Slorance,49046890W,1967
Freemon Blankenship,71937778D,1996
Gabi Fenech,77257595H,2010
Gordy Udall,50018734B,2012
Patsy Nettle,50081984Q,2009
Corenda Livezley,60024040D,1998
Ellie Lermit,15552350B,2007
Nicolis Ramsbottom,54607100H,2000
Gaby Greason,27749271C,2009
Trace Rosenwald,57979586O,1996
Ysabel Poone,41193562H,2002
Shauna Poppy,45123346P,1991
Lindsay Rowbrey,52853687V,2006
Ewell Fairebrother,47199016K,1987
Corette Conws,38596188X,2006
Manya Eathorne,33239565B,1992
Gil Serrier,47284445S,1992
Pearla Nendick,22097005K,2011
Boote Sparham,25366821N,1988
Sianna Plaid,85594110L,2010
Nehemiah Cricket,79539374D,2004
Liane Canto,34189765F,1999
Earle Assandri,49491256D,1993
Herman Bambrough,89765497H,1994
Erica Moulson,03580409H,1993
Cecily Grimolbie,70862484G,1997
Virginia Dobrovolny,38274778K,2002
Madeleine M'Chirrie,98419416B,1987
Rici Capp,77123532R,1995
Benny Crumley,81085770P,1997
Jabez Issac,06466254E,2005
Queenie Gowar,29225301O,1993
Noelyn Austin,13006858K,2006
Hussein Gigg,93580970M,2010
Merell Bullan,28699684K,1993
Bobby Mayoh,24786662L,2001
Mariquilla Bough,94874315X,2000
Damiano Seczyk,17915392K,2012
Townsend McTrusty,69912948C,1994
Giusto Domelaw,01592864X,2009
Jayne Stump,05883492D,2001
Skelly Rainbird,92509426W,2002
Meghan Yarrall,85323792C,1997
Gillian Francescozzi,80589459F,2004
Vassili Cashman,43969108Y,2008
Lemmy Summerscales,55717096M,1983
Poppy Gauson,10277834M,2011
Neel Ebbs,52127443Y,2013
Babara Olivazzi,73634777Y,2009
Aprilette Browning,63171480M,2007
Vita Kopacek,88739576I,2003
Perrine Beilby,30200872C,1996
Merwin Prantl,08048021U,2006
Byrom Mingus,89113360O,2000
Marris Niland,13889324X,2004
Dinnie Rohmer,01278597J,1996
Brandi Pettman,02947112U,2005
Lisle Josephson,96277097Q,2005
Nickolaus Houtby,48862702C,1985
Bear Ducastel,96653534H,2009
Douglas Dugdale,51777726G,2002
Tymon Rouge,22756925H,1996
Olympe Nelson,20593475T,2005
Marja Carwardine,12024670Y,1990
Marybelle Cody,25236847T,1994
Luciana Shepton,92902271U,2004
Chevy Cawston,72249971Y,2013
Geri Patchett,45078806Q,2005
Frayda Bartle,86936527Q,1992
Chadd MacKaig,83402957C,2001
Jeremiah Imloch,46629687H,1973
Ricki Aleavy,60117495A,2010
Ursuline Gherardesci,07888747E,2001
Ogden Cowmeadow,26290207V,1996
Sylvester Yakubovics,00544621M,1992
Alasdair Goffe,15480008O,1996
Nichol Masters,74774711T,1987
Dasie Lathey,34923025M,2005
Ealasaid Elsworth,13237742M,2000
Lucille Lissandre,70642859G,1989
Moise Michurin,19706100M,1995
Jeramey Gross,00409079M,1992
Teresita Osler,90994070O,2003
Selena Deason,53766520B,2008
Obediah Balentyne,38370525T,2001
Selene Burdin,34612472G,1996
Domeniga Greathead,03478429R,1955
Ciel Bilyard,50855301E,2008
Clerkclaude Magister,79802018J,2003
Lilias Brouard,17946696Q,2004
Barbey Deyes,57480486N,1995
Annie Fincham,19921278E,1984
Koo Darwin,22936879J,1999
Hugibert Ferrulli,46607734T,2011
Marcela Kermon,08549305U,1998
Allie Ida,09180176W,1989
Suzi Bansal,57072432J,2010
Cyb Fathers,05603543B,1994
Cherin Woan,95338637O,1984
Boy Brogi,84597919Q,2005
Naomi Bainbrigge,19164721O,1987
Ellene Mateiko,49580933V,1995
Bord Lante,24965782N,2009
Fulton Guilloux,85946766O,2000
Dasie Farran,99286115N,1999
Arlinda Maymond,84677941K,1998
Nikki Waterfall,31259936R,2012
Bethany Conville,60587068P,1989
Doro Hammerton,74241241O,2008
Berk Gladeche,66949378W,2006
Didi Dutteridge,00806922K,2002
Gilbertina Beckhurst,75571584L,2002
Gill Lound,77035491B,2006
Ameline Joan,18213206E,2001
Dre Losseljong,22790407W,2012
Donni Braidford,86357300P,2011
Ellissa Langtree,23035231S,2001
Ralina Philcox,83109372D,1992
Adey Asty,99633916T,2004
Elsa Swepson,98666740N,2009
Harold Castagnet,97969230M,2008
Dominica Hawk,76403477L,2012
Mischa Antonietti,28754301I,2011
Kimmy Kentwell,66005286Y,2013
Lonnard Tomaszkiewicz,93887240S,2005
Karie Kincey,38665363Z,1969
Flemming Donhardt,09593073Q,2008
Jared Ayllett,79323589P,2000
Rosalyn Frantzen,48976185N,1996
Everard Peeters,04051240N,1997
Park Bescoby,44461986N,2009
Bradley Malsher,53737112P,1967
Jsandye Monksfield,03291680U,1993
Henderson Deane,60757533O,2013
Graeme Gobeaux,63730227P,2007
Calida Roft,07021258X,2008
Ulrica Gossling,91650435T,1989
Gifford Bunson,50775293T,1999
Meghann Tidridge,78509037B,1994
Lovell Kopecka,60251670Z,1998
Janina Howatt,61692251V,1993
Mireille Dight,79475231W,1994
Jamie Oxteby,58171749Q,1997
Jeralee Coulthard,59644260F,2000
Tammi Langtry,96436058L,2010
Doreen Dibsdale,73126847L,2010
Johna Verchambre,89206307I,2002
Pierrette Josipovic,18617545V,1996
Baillie Sinderland,82974388W,2006
Ferris Sharpous,82259963V,2001
Pamella Coyne,47367726X,2008
Kenon McMillam,64234667I,2000
Golda Aitken,90715235V,2008
Uriel Bareham,05004280Y,1997
Kevin Grinyov,02755890J,2004
Chip Palfree,87822041W,2009
Kylila Moretto,93899819U,1959
Milzie Addington,95319154K,2011
Laurel Giannoni,36892808N,1997
Sasha Eddisford,68102434O,1987
Lewie Quinevan,58331043O,2012
Bernie Albert,38226019Z,2001
Riki Giggs,94571885E,2008
Gar Annakin,03260667H,2005
Aveline Sayer,61489318A,2003
Ara Jerrom,43188475S,2006
Leontyne Morhall,48513460F,1992
Sapphire Buff,57326664S,2000
Kit Kinnard,83103195R,1996
Lorene Folli,84942722U,2008
Loree Southcomb,04456722O,2006
Nikoletta Le Monnier,29253976W,2002
Bartram Trett,97665608J,2009
Lindon Dran,18720685M,2009
Cleavland Niesing,65201091W,1999
Barbie Farnworth,95676014W,1987
Lock ffrench Beytagh,22357246I,1992
Celeste Jodlowski,75865732A,2006
Addy Pentecust,89650062W,2012
Gleda Izak,71678268I,1989
Valerye Adamovich,48962550K,2007
Pyotr Berth,71224173Q,2006
Cristionna Bursnoll,25275642C,2006
Hunter Gorringe,50487105A,2000
Bethina Belderson,48889623C,2001
Marie-ann Disbrow,65428866P,2007
Burtie Billanie,65941712Y,2009
Nicoline Yegorkin,67173901B,1994
Ginni Hubber,97009741Y,2012
Westley Bompass,27062404I,1994
Nikoletta Armes,03415333W,2007
Colan Hendrix,82935103T,1995
Trude Hallsworth,17555528R,1992
Denny Marquot,46656990S,2006
Gare Vanyarkin,92642435U,2008
Brittni Maffeo,87842656V,2012
Angelo Angear,92148676E,2010
Gail Caskey,89090896D,1997
Aristotle Lawful,82152639O,1992
Tressa Westall,61112789X,2004
Hy Haselwood,90884853J,2008
Inness Davinet,93791807D,1969
Berna Adaway,80431272F,1987
Crissie Tilliard,47699808K,1989
Lona Gutridge,24389783X,2010
Lorri Cullivan,09986863P,1986
Gabbey Corday,27119167R,2001
Ashely Franklyn,05282997W,1995
Jacqui Hoonahan,34509988Y,2001
Wyndham Henrie,60188478Y,1986
Juanita Pratley,54244914A,2005
Shanda Gaine,30544155P,2008
Sydelle Lethlay,00933502U,2007
Siobhan Dighton,96428237J,2011
Ianthe Pessold,80680882I,1994
Linn Gimenez,20875648B,2009
Loise Fydoe,44333254C,2005
Kathi Anselm,98391129S,2007
Ardis Facer,29856142I,1998
Valry Sneesbie,89938461X,2003
Stevy Robilliard,90033344W,1990
Helyn Brighty,63410526B,2010
Andie Noirel,49775056W,1970
Dacey Fossord,06789314K,2010
Kimmy Kerswill,59286150D,1987
Maddy Kalkhoven,47240948Q,2006
Kinsley Erlam,44451944V,1995
Cary Faulks,25849919N,2009
Alexine Lawlance,65658528Z,2005
Anstice Wetheril,89906249Z,1994
Waverly Domleo,24013397K,1999
Mervin Kleynen,00229911G,2011
Hollie Scarlet,22065014H,1994
Cully McCaster,75827075L,1992
Byron Maybery,28931678X,2009
Corney Tremblay,50803741N,1989
Barret Hudspeth,19385964B,1992
Alley Dorin,89722205Z,2004
Sheffield Luis,03953429S,2001
Kip Odo,77048118B,2011
Greta Tweedlie,60045271W,2011
Parrnell Brammar,21044374B,1990
Meredith Camings,49482233R,2006
Perri Halford,48267143P,2009
Drugi Gullyes,81671020C,2005
Timothy Borghese,15298001W,2009
Reeba Budd,25293356U,1993
Sarita Curman,79855652J,2001
Janina Cubuzzi,96401692Z,2010
Ivor Yemm,98838016Q,2012
Christin Borkin,39812604N,1985
Carlen Molder,23066957F,1997
Tish Dibdall,35568862M,2009
Joeann Phillpot,63472073B,2001
Sheffie Jeffree,37342979L,1997
Collin Lindfors,05610994J,2011
Olvan L'Archer,69402942Q,1995
Delmor Widdop,09411281I,1999
Forster Shetliff,22428881H,1997
Dore Goodere,63090635H,1994
Ardelis Trulock,06116513I,1990
Nathanil Jones,58294062X,1994
Mitchael Burgett,10314574A,2003
Dode Lasty,82689361C,1991
Joan Creevy,65390609Z,1992
Barclay Pedley,20515058B,2005
Yuma Elderkin,66532788H,1989
Bram Slisby,09334731G,2002
Joyous Dowsing,95912495Z,2000
Catlee Denzey,15440659Y,1997
Norrie Trewhella,44320072G,2013
Angelica Tregaskis,04730474K,2010
Sheila-kathryn Jakubovski,26969110O,1998
Isabel Bowerman,86987072H,1995
Stacee Alderson,92948513Z,1995
Binni Strangeways,88428742F,1995
Carroll Heak,41677731P,2004
Cordula Bonhomme,84457930C,2006
Zacharie Etridge,19891011Q,1999
Winnah Grzegorecki,37288082O,2002
Waneta Bougen,22518638D,1992
Darice Titcomb,23030126A,2012
Janeva Gorch,09650661M,2012
Bethanne Carette,75010004H,2003
Marlie Klossmann,46021957M,1999
Kenon Sustins,28600611F,2006
Duane Schapiro,73699974H,2011
Marjie Denecamp,78278110K,1994
Rockwell Hodcroft,14304935L,2001
Martynne Dingley,68148375H,1999
Tillie Krzyzanowski,80227192P,1959
Cherlyn Foskew,34723376B,1997
Marabel Tresvina,96444989I,1999
Julieta Laban,49741653Y,2000
Lana Claypool,47732892Q,2007
Pebrook Oseman,46748287S,1992
Editha Claus,04893214S,1993
Cornelius Sore,71057478P,2010
Paxton Tennison,65594292F,2005
Rici Lansdale,58743873W,1993
Perry Lergan,03313912B,1986
Alethea Caroli,89878772T,1999
Corri Rohlfs,03071987Y,1992
Goddart Colt,12914162Y,1993
Mohandis Buesnel,89950885G,2012
Sergio Sommerlin,81468087V,2000
Freida Godsil,66694668K,1999
Nikolai Baptie,36147554N,2007
Courtney Cuardall,32442358X,2011
Ilka Gebhard,97338206S,1991
Robbert Renbold,37795457A,2006
Mollee Pentlow,69820785Y,1989
Bil Thomasen,01781046F,2011
Renie Danielsohn,61183302N,1997
Arch Rhodef,96153289Q,2002
Jared Goodbarne,88652580P,1996
Donal McPaike,22177454E,2011
Gregor Stiant,72494771Z,1990
Mahalia Monni,91263358F,2004
Nicko Burnet,92914664Q,2011
Zerk Giorgio,07885230W,1988
Pavel Huyghe,21327772M,2001
Marybelle Ivie,15489788W,2011
Balduin Bemment,23898967E,2012
Annamarie Slemmonds,85918287F,2003
Braden Huie,85794965N,2004
Sayre Daws,72455914P,2002
Adams Marrow,24316427G,2007
Vito MacAlpine,55616275A,2000
Leesa Quennell,72108955B,2010
Netti Mogie,99199108W,2000
Read Roubert,06418707O,1999
Erie Challener,25940581P,2008
Der Dellenbrook,89053240O,2000
Ivie Webburn,07347803F,1983
Kissiah Fery,82755535R,2012
Bourke Chittim,66199890C,2002
Chad Fawssett,08553704W,2003
Crista Argent,93879869I,2002
Bernetta Joiner,32543069Z,2004
Yorgo Palay,59739145Q,2008
Bee Annets,54237146V,2004
Ajay Grigorian,78808904C,2008
Barb Dorran,62724694J,2011
Jefferey Crimmins,30408373F,1995
Kincaid Gascard,43283832H,1998
Sarajane Ybarra,61733028M,2000
Allene Grollmann,66302209B,1998
Susanna Allsupp,00754358A,1995
Lyndy Matton,86579906X,2008
Harmon Gingles,92498092T,2001
Yanaton Nelligan,53060881V,2004
Edythe Python,09851168C,1985
Mitch Androsik,53715933P,2005
Worthington Boreham,10605911Q,1993
Sydel Neno,07711163B,2009
Leisha Aitken,64380668K,1993
Read Mizen,90047103Z,2009
Gael Gunningham,11338839T,2009
Lorenzo Isaac,92103453D,2001
Adair Saunton,52311248L,2005
Sile Heinzler,04729350N,2008
Isador Roset,33170447J,2002
Katrina Lynn,33612259H,1998
Scotty Oager,38977856G,1993
Sondra Burberye,36253883S,1994
Pennie Jerzycowski,40592719N,2006
Saudra Wernher,50846726I,1995
Lindie Crayker,95490165R,2007
Artair Scarce,97489383W,2005
Laverna Hammelberg,12116954M,1991
Rosalind Millsap,85709790O,2009
Anabella Sidle,72331266O,2005
Sibeal Bernli,64990388S,2009
Gare Gutsell,90904451K,2006
Olivero Stocken,93660434K,1992
Ruby Logesdale,16114357S,2005
Rana Offner,98253795K,2010
Opal Pauli,42950079W,2010
Mattheus Branni,49275864F,2004
Nigel Whistance,77350139K,1992
Chas Treske,96200127N,1995
Jimmie Almack,45703060X,1994
Lock Leveritt,42726221K,2012
Yasmin Vlasenkov,24290059O,2009
Annissa Boshier,48967217G,1984
Celka Mc Andrew,67706109U,2006
